acorde,categoria,nivel,notas_esperadas,notas_detectadas,num_notas_detectadas,freq_pico_1,magnitud_pico_1,nota_pico_1,freq_pico_2,magnitud_pico_2,nota_pico_2,freq_pico_3,magnitud_pico_3,nota_pico_3,freq_pico_4,magnitud_pico_4,nota_pico_4,freq_pico_5,magnitud_pico_5,nota_pico_5,pitch_medio,pitch_std,pitch_min,pitch_max,spectral_centroid,spectral_rolloff,spectral_bandwidth,zero_crossing_rate,rms_energy,chroma_C,chroma_C#,chroma_D,chroma_D#,chroma_E,chroma_F,chroma_F#,chroma_G,chroma_G#,chroma_A,chroma_A#,chroma_B
A,Básico,basico,"A, C#, E","A, E, C#",3,110.0,1828.5500849311368,A,220.66666666666666,1394.1527386361277,A,166.0,961.7588417986426,E,329.0,731.5186495536814,E,333.3333333333333,670.4814426186045,E,141.5286683879349,58.51419052458314,107.63877242835066,332.8650201068075,337.9001930459751,615.0214092548077,296.3823573973569,0.02121769831730769,0.15659124,0.06580511908082294,0.1947081801665537,0.07586115336636386,0.21503720826959044,0.7225162201579514,0.31167843542951146,0.057165512777338584,0.11273007804908462,0.47763972101600527,0.9467108138604113,0.5042436905082828,0.16029442579846648
A,Básico,basico,"A, C#, E","A, E, G, C#",4,109.66666666666666,1468.2924842443992,A,220.66666666666666,776.3737518906113,A,166.0,659.8324592787343,E,332.66666666666663,308.3509600300689,E,278.66666666666663,265.1651337126881,C#,116.4216881194134,27.741506527189685,76.2644089686921,220.97547176231163,294.08774949373606,511.0822941706731,291.692701360612,0.01514423076923077,0.099944465,0.06830632434227318,0.12453001671115649,0.06471507816887355,0.15802272551682797,0.36441951219741026,0.22115489388578755,0.10623636169344829,0.2141681547122335,0.6397823985787578,0.9810898366109311,0.5917835165164643,0.22937845262393877
A,Básico,basico,"A, C#, E","A, E, C#, G#",4,109.66666666666666,1639.2942705870234,A,166.0,731.031622965811,E,221.0,654.6732212993259,A,333.0,467.96922104122444,E,329.0,349.29598628181947,E,119.28220967465764,31.447376525391743,106.2648918018557,221.31062691840273,302.7635855739616,533.7749774639423,288.62008777404554,0.016214693509615383,0.11970172,0.05057560489482207,0.07638452056961686,0.032145637551997605,0.14022561317993484,0.4837698999877021,0.2244166435243935,0.0749285640384833,0.17662724301542956,0.6053752803739606,0.9954123491307546,0.6118320971477769,0.24257000538164838
A,Básico,basico,"A, C#, E","A, E, C#, G#",4,110.0,1315.9449476161617,A,220.66666666666666,866.4984356820887,A,166.0,672.5016086203432,E,333.3333333333333,488.23866040187033,E,329.0,336.8803484647891,E,116.86781705816756,27.64572662056763,104.22052214897768,223.5924087359324,288.5816584763653,451.8659855769231,258.08333155222647,0.018573467548076924,0.09096136,0.0510964148009717,0.11243438201799189,0.05077049577918353,0.20285198269149807,0.6052454122629319,0.2971839982840007,0.08048509457771541,0.15916966461886936,0.5681317453162485,0.9859242281533827,0.5376559864598771,0.17117295536412772
A,Básico,basico,"A, C#, E","A, E, C#, G#",4,110.0,1528.1014524109225,A,220.33333333333331,1049.2732285713817,A,166.0,946.8916463206716,E,329.0,663.1086253328525,E,333.0,563.2856880494975,E,122.19076743198266,47.37086957955447,101.84520444718106,461.37369236804307,314.73629648572165,545.4525991586538,291.9392579222089,0.01948993389423077,0.116927005,0.08324879238678429,0.18175291050496434,0.061337341156466836,0.2489551207482477,0.5669497415667284,0.23976898057527504,0.1084612583332453,0.22401243592192865,0.6968960658660639,0.9622785707314708,0.5072480124751981,0.1803507821771106
A,Básico,basico,"A, C#, E","E, A, C#, G#",4,166.0,889.2726602553495,E,220.33333333333331,663.9502984745922,A,333.3333333333333,612.3009212660116,E,329.0,437.49896817792904,E,278.66666666666663,431.9195873379402,C#,209.65770237229935,71.72670525241004,106.3849530726197,439.7027790096453,409.04399427949033,735.6073467548077,316.583883801707,0.03072040264423077,0.09404697,0.10922966974863982,0.3292737759137814,0.10481786655417125,0.37278729148077,0.8798748903661624,0.3780341453240294,0.039260721640704564,0.04171480246330279,0.30461499513990964,0.6907807367639628,0.16151802151476347,0.030307923161338114
A,Básico,basico,"A, C#, E","A, E, G#, G",4,110.0,1933.827505614643,A,220.66666666666666,1040.2639211808505,A,166.33333333333331,774.2715051824622,E,329.0,694.3731651053649,E,333.66666666666663,478.298126895485,E,119.12474080556838,31.541228165965855,97.31410440752377,220.3803459976776,299.4333849668818,496.17469200721155,277.9147738926471,0.016612830528846153,0.122832365,0.05533394504909072,0.10209762057381955,0.038880770482287566,0.17118091439096023,0.5160772353105407,0.21058893113684807,0.09400567748379601,0.20668580944965861,0.6432392437697553,0.9819447802638578,0.5762133080262449,0.21416109764495753
A,Básico,basico,"A, C#, E","A, E, C#, G#",4,110.0,1291.9497378382903,A,220.66666666666666,759.8769010387583,A,166.0,666.2227049181184,E,333.3333333333333,509.09957738452226,E,278.66666666666663,325.9781261668743,C#,127.01020167693798,50.72559515885245,107.0236641607459,332.22743389076925,327.80501030583446,612.7024489182693,296.905460533441,0.0212890625,0.10378352,0.057425910895820546,0.143525411287751,0.05301918474967045,0.1752207676952384,0.5147220278119814,0.25568134665075265,0.06670303066646573,0.14088192958743473,0.5489863092483434,0.9867490017468968,0.5105832506955174,0.1722493219242228
A,Básico,basico,"A, C#, E","A, E, G#, C#",4,109.66666666666666,1347.4434468280392,A,221.33333333333331,1147.5325877842863,A,328.66666666666663,928.0743841231815,E,166.0,903.0320070084027,E,333.0,700.7786843079214,E,158.61265195638936,76.71342492074537,104.71708358272659,331.2049574219793,381.20510625516386,726.6627854567307,335.9498558398606,0.025811298076923075,0.13528925,0.09207549632734817,0.27302290169571847,0.07517158982779522,0.27371864849453664,0.6488515739161207,0.19719801004071671,0.058922854948226,0.13397582628844,0.5216089014661447,0.9135921427291942,0.36070972594822126,0.09974635001813537
A,Básico,basico,"A, C#, E","A, E, G#, C#",4,109.66666666666666,1690.082247078156,A,166.0,705.6961733374133,E,220.0,450.7336144895645,A,333.0,333.95077098170617,E,328.66666666666663,283.4597047935302,E,112.94663079080307,23.443309793376244,105.01379717734521,330.4418012970621,303.837153778591,554.47998046875,303.9593530289844,0.014509465144230769,0.1064783,0.05921435762658416,0.08349814521945863,0.037095928414656844,0.13095272401814037,0.46043382816325956,0.2526783036338805,0.09647062425680517,0.19963874198613044,0.6188118853320984,0.9827671195111919,0.6380624652064812,0.29127655174288714
A,Básico,basico,"A, C#, E","A, E, G#, G",4,110.0,1386.3760479893779,A,220.66666666666666,1260.9289366158578,A,166.0,672.0547860917603,E,333.3333333333333,537.6916765862278,E,328.66666666666663,444.3657407768781,E,130.77005466637377,43.48785711465108,98.59926331995607,221.3415694469284,354.5394585711999,665.7072566105769,322.36045225614646,0.023467548076923077,0.11170943,0.051795349754374796,0.14078503228169675,0.050561124952087734,0.17209285333901997,0.5375863861831024,0.2173029562024691,0.08058715224505816,0.15733247374642306,0.5127485605247646,0.9761963239774144,0.4767194224442147,0.1381738528034754
A,Básico,basico,"A, C#, E","A, E, C#, G#",4,110.0,1632.6893091447462,A,166.0,737.9484972840075,E,221.0,624.2687428144646,A,333.3333333333333,317.54750608411297,E,329.0,267.7867342230019,E,116.80137636896718,28.27113456420934,102.26444962803829,221.45792752172778,319.3502402466448,612.7852689302885,318.9465862687489,0.01644756610576923,0.10721323,0.06128850251162105,0.0949956346841004,0.040082490887890954,0.14290557774533413,0.37830772663073,0.1962604652093536,0.1049757186789872,0.22504318208958818,0.6791646938543785,0.992894048658644,0.596939752221618,0.24565346180004483
A,Básico,basico,"A, C#, E","A, E, C#, G",4,109.66666666666666,1775.1819032479,A,165.66666666666666,709.449940123762,E,221.0,706.7926441837886,A,332.66666666666663,456.15664457900544,E,328.3333333333333,445.59844028826376,E,113.15894852405266,20.11400358944153,105.74091193694986,222.17456286324614,302.80972510673115,525.1616962139423,286.11020641464575,0.016436298076923078,0.1153778,0.058452834022563405,0.12479300952504331,0.04789502869774927,0.16758934632090866,0.4615499617610096,0.2102646492436981,0.0893249560882321,0.203433668810214,0.6495665073486534,0.9953832704507755,0.581657329208811,0.22140641373122213
A,Básico,basico,"A, C#, E","A, E, G#, C#",4,110.0,1375.6023599917987,A,221.0,906.0802278682036,A,166.0,887.7227361607332,E,329.0,762.2442005056989,E,333.3333333333333,590.2588761023123,E,123.29316432605013,37.128828594902856,89.10440570710878,221.87900211090817,333.2633047647546,599.2856069711538,300.64071129492135,0.021439302884615385,0.11709853,0.056941886974989156,0.13761706945279664,0.051456614942404146,0.28509011079059987,0.7062579782373,0.24812311263077766,0.08351736647974112,0.16549228627843163,0.5357473242985926,0.8651476527449897,0.4178180685413898,0.13786084765970108
A,Básico,basico,"A, C#, E","A, E, C#",3,110.0,2255.0994788275916,A,220.33333333333331,985.9601769162157,A,166.0,727.6326550154824,E,329.0,451.46336576384005,E,333.0,383.41322186239796,E,110.2174455634811,9.693446797580709,107.55806188029712,220.16728174937296,284.74259213603295,493.3588115985577,279.7343551216722,0.015005258413461538,0.15150523,0.04962062566480908,0.06225088512003354,0.026558882883828024,0.08241443918689766,0.2824108245918825,0.14003858550556472,0.07001054407621142,0.17553020887122728,0.6101980912335705,0.9994864726376438,0.6364179513669559,0.2620246563930251
A,Básico,basico,"A, C#, E","A, E, G#, C#",4,110.0,1673.0235962435663,A,220.66666666666666,960.2889992673631,A,166.0,740.1501856608792,E,329.0,383.5680669018728,E,333.0,376.2844967600316,E,127.25972297369539,47.946264292011804,106.31293805324646,459.699809845052,289.15166779386055,491.37113131009613,264.0112362759241,0.01648888221153846,0.12257309,0.05393214197592524,0.10643087961735388,0.03785750841185475,0.1569259346900562,0.3634916387726178,0.1560767297688459,0.07444559496534753,0.18726434958170293,0.6709295887590823,0.9972907727183176,0.5372742760719526,0.1815266478721524
A,Básico,basico,"A, C#, E","A, E, C#",3,110.0,1327.9936335197885,A,220.33333333333331,770.64640801612,A,166.0,707.1118468511947,E,329.0,563.870867772829,E,333.3333333333333,552.1657486215851,E,123.80245219700602,42.09862532850399,105.72681537466673,331.63497539257435,341.7661996017473,623.1377704326923,306.8652463064962,0.022517277644230768,0.11183884,0.05075592113592169,0.11834499478103823,0.03981125762221568,0.2510974834504583,0.7683019518207416,0.28816028013869854,0.05789795151696236,0.12856465142535112,0.5147743645447537,0.8945222002580211,0.4614485943662675,0.1697202425561629
A,Básico,basico,"A, C#, E","E, A, C#, G#",4,166.0,696.0227181229969,E,333.3333333333333,330.0345121004753,E,220.66666666666666,320.1943064987752,A,329.0,298.7023449130854,E,278.3333333333333,176.3825633104398,C#,177.63767276818677,56.335346004595735,101.45979964185253,455.22499880252536,402.6178462765906,736.8496469350962,315.43858849112536,0.027396334134615386,0.06549859,0.06317523982910125,0.20598226681097626,0.08874555119169678,0.33245043778005934,0.9402689397897738,0.5266316643389981,0.07693996233829106,0.06134981369632607,0.18137963946139798,0.46634156736825,0.16321287444551924,0.05349898564691716
A,Básico,basico,"A, C#, E","A, E, C#, G",4,110.0,1408.8703771863973,A,221.33333333333331,928.5830734796433,A,166.33333333333331,787.6711771213235,E,329.0,584.969243738382,E,333.66666666666663,536.4492558462006,E,139.96434688440866,62.17572263346622,106.60023729209779,460.4212798222815,323.26824668516406,583.4669846754807,279.1766226486414,0.020320012019230768,0.10787394,0.05882467139946757,0.1377895960535671,0.04954160969047095,0.2516371871186073,0.5873377298437096,0.23133089302929657,0.07794521433776941,0.16938677442959538,0.6106604912441977,0.9675180946208789,0.46640725170751807,0.14070681172815305
A,Básico,basico,"A, C#, E","A, E, C#, G#",4,110.0,1126.5201851079357,A,220.66666666666666,674.7000020750872,A,166.0,551.3591289425018,E,333.3333333333333,436.84537833884036,E,329.0,394.0280033203244,E,123.73715614117008,46.21134444556092,106.46744799785728,331.92404528200524,357.72490701626106,669.1856971153846,323.88819272306023,0.022532301682692307,0.09342711,0.06392978978242636,0.19061480605692374,0.05937943327351374,0.16856827441275185,0.523387693123628,0.24159483635838336,0.06029599368437772,0.13252395330929453,0.5209300917421068,0.9786244112153883,0.49560305551107214,0.1716637307987784
Am,Básico,basico,"A, C, E","A, E, C, G#",4,110.0,1956.8471892782952,A,166.33333333333331,540.0544245093402,E,220.33333333333331,440.8855747096266,A,334.0,333.7517850660705,E,264.0,329.6675522286041,C,110.96956658296152,11.654613267215407,106.13079019707807,206.2081073669895,277.5620721079766,494.18701171875,271.3509870080628,0.012184495192307692,0.11345303,0.13241154325865803,0.05602483926381777,0.008849482008240726,0.06460015813192044,0.2249216146157749,0.14192078004907227,0.08657218608027745,0.2314974402599307,0.6889626402647817,0.9990739842624131,0.673520799894519,0.3254480556226877
Am,Básico,basico,"A, C, E","A, E, C, G#",4,110.0,1454.2738174214462,A,221.0,1154.8552959552453,A,166.66666666666666,692.4730824157238,E,334.3333333333333,531.8786855086321,E,264.0,521.4340579039057,C,139.20307175306513,62.77274711257718,105.91513034337974,332.4943903528226,360.8575837747605,712.3349233774038,328.67433171287144,0.021814903846153845,0.117635936,0.22304131018503304,0.07451456302518031,0.013586461891034303,0.17437793220277562,0.47260158347225073,0.17399522559465827,0.07328957997412308,0.18413787870190773,0.6200136984204848,0.9683734994844525,0.46946109692031807,0.2088685266992961
Am,Básico,basico,"A, C, E","A, E, G#, C",4,110.33333333333333,1920.6946520007955,A,221.33333333333331,699.8847643548511,A,166.33333333333331,598.2550502425439,E,334.0,410.0789233422144,E,264.0,344.41113163834495,C,111.0497732544684,12.240820871837196,104.38825524309111,211.45673637314098,275.805988760503,454.0193058894231,283.85982797914744,0.012560096153846154,0.11721709,0.09370911751327667,0.02846306808859777,0.009016690360757827,0.08762223562912949,0.21341285727236686,0.11476610710214909,0.095702231573809,0.24726014558155618,0.7553979353335907,0.9949452655572482,0.6031366466440771,0.24146268342603272
Am,Básico,basico,"A, C, E","A, G, E, C",4,110.0,2212.5206287510855,A,221.66666666666666,779.9622799693338,A,166.33333333333331,667.8667715825686,E,264.3333333333333,423.0940736727607,C,334.0,404.38973428735414,E,121.04625968442708,32.29773634866806,101.24422602870344,222.69887977937302,269.3951364393668,447.890625,256.35417441770136,0.013131009615384616,0.12328258,0.10477083529035713,0.0323998722094847,0.013717560983160949,0.0972481298838099,0.21354344025474323,0.11953743550558321,0.11947501889902086,0.28343503750683574,0.7636115665246311,0.9651772979020417,0.59237000121371,0.2400322098400907
Am,Básico,basico,"A, C, E","A, G#, E, C",4,110.0,1755.6006028818097,A,221.33333333333331,770.3570485067893,A,166.33333333333331,581.8481465469035,E,334.0,404.8908552105853,E,264.3333333333333,307.59960545846053,C,115.7800725275269,25.356243633713316,101.24685512245705,222.37057848839973,277.27108017046106,467.5189678485577,267.8053498897018,0.013608022836538461,0.10646328,0.09363784252190925,0.029064727714295732,0.009765330987087421,0.0903899841334399,0.21774437747566258,0.12022820713510939,0.10546938597315009,0.25480243301990513,0.7461827861788051,0.9789385052920282,0.5727648266121612,0.2202452103329167
Am,Básico,basico,"A, C, E","A, G#, E, C",4,110.33333333333333,2242.405990142147,A,221.0,908.3357868368633,A,166.33333333333331,730.3888007920189,E,334.0,418.5221577076697,E,264.3333333333333,368.1212955131833,C,110.14943334176074,8.48766186530155,102.09768556257637,205.77947978547448,263.38703375522346,438.86324368990387,261.6635250693384,0.012545072115384616,0.13343331,0.09852554401570081,0.03292099795095116,0.00791969529977821,0.0736445594995198,0.19899277550670166,0.11956912963883394,0.09384881646138733,0.2328838081951592,0.7125601434587717,0.9926994300687122,0.6207334865506993,0.2590173010421442
Am,Básico,basico,"A, C, E","A, G, E, C",4,110.0,2766.594943135676,A,220.33333333333331,879.9264161466983,A,166.66666666666666,813.8412573144876,E,334.3333333333333,489.34165517208606,E,264.3333333333333,402.85015314151224,C,114.4129043117477,21.045986386076112,105.6722258778125,222.48186312572753,275.5024536229315,491.61959134615387,267.7020626392999,0.012766676682692308,0.14510383,0.09830242566946552,0.04087371730693197,0.011767857464509549,0.06854055789221786,0.2103836214483438,0.14386402769662926,0.10567144029342207,0.24908164034416835,0.6770131079018029,0.9799633709905556,0.6566070488518045,0.29436198581209033
Am,Básico,basico,"A, C, E","A, G#, E, C",4,110.0,2380.3284763521438,A,220.66666666666666,1190.9326920679455,A,166.33333333333331,825.9747197468724,E,264.3333333333333,443.2614708813498,C,334.0,437.29879125744293,E,110.020730801241,8.15416242581922,101.72819183059158,201.48480877183235,268.55072257622265,440.2711838942308,268.23530238408296,0.012721604567307693,0.13874406,0.09910808239461492,0.034582014344618786,0.009609015923434789,0.07773677358427629,0.20036470100719778,0.12656022394365038,0.09838776259490896,0.23542283043958614,0.6966425302426018,0.9869137187113328,0.592791175149918,0.23781241174873116
Am,Básico,basico,"A, C, E","A, E, C",3,110.0,2090.8345236690557,A,221.0,1470.2757405943792,A,166.33333333333331,922.3026221955189,E,264.3333333333333,729.6681564710183,C,334.0,492.7057857804894,E,129.09373180224804,41.78684711181016,106.82205246051508,224.53387250595787,300.11838172023783,527.3150165264423,266.5638392215964,0.017330228365384615,0.15348174,0.21212348796883834,0.06188905876722825,0.011687560069951787,0.13712255027008116,0.31338785477220205,0.13379172175501966,0.07041948155417746,0.19177671714545416,0.6756752375208476,0.9911725044316232,0.48204663449975244,0.20360946736659868
Am,Básico,basico,"A, C, E","A, E, C, G#",4,110.0,2057.025454637734,A,220.66666666666666,1224.8144987112048,A,166.33333333333331,621.2291689936923,E,333.66666666666663,479.525725932404,E,264.3333333333333,442.7259265022243,C,125.5851734234029,39.02412913202791,105.38041362155373,221.73744631927676,308.55021814167776,572.7003831129807,288.59973950349575,0.016162109375,0.14000902,0.10346911602627912,0.037747732998233564,0.006120206453061144,0.07605829181457435,0.2317615487818866,0.0984556194497853,0.06101125494076447,0.17472779454017737,0.6355944853713199,0.9989031575326001,0.5417788944856249,0.20427369800393502
Am,Básico,basico,"A, C, E","A, E, C, G",4,110.0,1335.565352204333,A,220.66666666666666,879.0953241722683,A,166.33333333333331,578.7981779516764,E,334.0,443.6782179214265,E,264.0,399.2095755775786,C,126.59597060071454,39.996939510866575,106.15295196727416,222.67381136362283,308.4799497017362,594.2335862379807,279.93377510352036,0.01734900841346154,0.11152049,0.1730806241179803,0.07141484382546782,0.010063630596085343,0.10766290204205148,0.3758446286840326,0.18578163518838156,0.06310650016181173,0.16888889606905774,0.6029896563545559,1.0,0.6105462250498535,0.2532947773406558
Am,Básico,basico,"A, C, E","A, E, C, G",4,110.0,1754.3489715345434,A,220.66666666666666,1024.5608374124593,A,166.33333333333331,738.7940782803342,E,333.66666666666663,557.4479812908962,E,264.0,434.07324230741966,C,117.70854276385613,42.913692523326574,99.40822573599928,332.61109807327995,352.3773315911872,703.2247220552885,330.4209244736657,0.019677734375,0.1103632,0.14914077958338384,0.0700537492040802,0.012375596334514523,0.11016617913766352,0.3613778079622038,0.17503372483501728,0.0906041451368964,0.21319217077837133,0.590544819788258,0.9658543261252835,0.5207307139299973,0.2138771713049049
Am,Básico,basico,"A, C, E","A, E, C, G#",4,110.0,1897.214764824683,A,221.0,930.3496235444599,A,166.33333333333331,613.3311515530934,E,334.0,408.1179490445784,E,264.0,390.9251643014725,C,122.82153679850067,47.93082329898119,88.96365138092416,331.79439233396516,306.6048522283245,516.1343149038462,288.6869043350062,0.01586162860576923,0.11391053,0.17119221317117272,0.05944284407955438,0.01582287616980705,0.13974436860042494,0.3275706504936098,0.15149641314629148,0.0936386920387769,0.21440020624738523,0.6710401561955308,0.9750913119851685,0.5122475745968756,0.2167177398754609
Am,Básico,basico,"A, C, E","A, E, C, G#",4,110.33333333333333,2042.4851044653085,A,221.0,1145.7376306452798,A,166.33333333333331,664.7388516147541,E,264.3333333333333,425.9641540253155,C,334.0,396.93512465270413,E,117.01950307454999,27.97960622921359,103.92210569836868,222.22559022522844,262.80327808229976,418.5723407451923,249.9113024283263,0.01337139423076923,0.12978967,0.10313156351964271,0.032898217646660025,0.007230218726868525,0.06429636647280514,0.161670486895595,0.09572545873644829,0.08519754116827799,0.21116565931286047,0.6851703071142821,0.993123340945066,0.5692002913109504,0.21590212565522565
Am,Básico,basico,"A, C, E","A, E, C, G",4,110.0,1419.7528478552597,A,220.66666666666666,1068.7689003757691,A,166.33333333333331,596.144316229289,E,264.0,432.6855498899347,C,334.0,426.65131675738485,E,132.4590178367256,44.98100824104134,106.79577365531821,223.9786755770117,289.20903094806005,491.9508713942308,250.51016717020585,0.017503004807692308,0.110024266,0.14135635163863636,0.05381042462133016,0.008781346991314724,0.08933235157953509,0.257393267622503,0.13023330870195238,0.059049752657162925,0.14500326421687773,0.5808339133505862,0.9995080693660944,0.522968199399585,0.18919785376519496
Am,Básico,basico,"A, C, E","A, E, C, G",4,220.86811352253756,963.8099889993844,A,166.49538221194345,803.4575003641467,E,334.00392090793525,525.1199299360237,E,264.09612350859993,505.4502069437787,C,329.2758573157097,345.1929919613866,E,213.5420872066242,63.859339043692316,105.17968042993719,440.37330944844166,370.763470136009,621.4347839355469,277.6144141540517,0.02529144287109375,0.094311595,0.35476925505111606,0.15277113635325562,0.02348280360229222,0.2409214659965405,0.6867213003885901,0.3629175403622826,0.07219942851873026,0.1053096983214617,0.37122332670357255,0.9287885146435603,0.34780360877411226,0.13050249457719842
Am,Básico,basico,"A, C, E","A, E, C, G",4,110.0,1604.2842373021556,A,220.33333333333331,1070.1472831437177,A,166.33333333333331,813.8716835298044,E,264.0,550.2320494507024,C,333.66666666666663,548.3382231495664,E,131.1031543460509,58.505715906153306,106.54292696061277,333.0557359881405,367.13730750855655,739.2514272836538,334.3914035392417,0.022772686298076925,0.114917785,0.2347308186331207,0.11626372033581264,0.013782687813542704,0.11834138644103498,0.455749208958484,0.23426623664993895,0.07303531603142784,0.17883225490315457,0.5344155043325091,0.9705185421182955,0.5468051012622241,0.241189486972247
Am,Básico,basico,"A, C, E","C, E, A, G",4,221.0,850.045322867613,A,166.66666666666666,790.429534982002,E,264.3333333333333,709.8745184329981,C,334.3333333333333,678.2030192429339,E,329.3333333333333,404.4048268114192,E,264.97456451229203,52.08652932187848,104.93636450566558,333.32040260739427,423.3965653503616,789.9372746394231,304.5615814996979,0.03239933894230769,0.09652949,0.5808459882029439,0.28146565206215013,0.02654857130779459,0.22597405284669095,0.7962497605901736,0.3601019945944737,0.05167410496087349,0.06194024103926069,0.2663851360476297,0.8160144564225092,0.2669241370578227,0.17469980942277435
Am,Básico,basico,"A, C, E","A, E, G#, C",4,110.0,1947.780539406924,A,221.0,1065.1339891748282,A,166.33333333333331,784.0557664014948,E,334.0,556.9242416804598,E,264.0,554.7439724923867,C,116.02108636603653,32.51818725367933,103.92495046837767,331.9019606889842,340.12777240564344,687.2404597355769,309.19922208632676,0.019722806490384614,0.13160525,0.17247917407148888,0.06900119603441122,0.010270796891518363,0.11175518085980152,0.354980695484551,0.16064302810032327,0.08180956378075455,0.20797281444150673,0.6072006918381019,0.9656189788070867,0.5411067439624255,0.23795776030301918
Am,Básico,basico,"A, C, E","A, E, C",3,110.0,1282.8821242452689,A,220.33333333333331,1160.9672850480595,A,166.33333333333331,469.16139113076053,E,264.0,353.58338406858815,C,334.0,347.12975413794356,E,145.26587063551045,51.76322169203014,107.31988635462265,221.56989072427112,315.09202752685167,581.9762244591346,292.17817709564,0.017146183894230768,0.10464765,0.14813652406876315,0.06576235559560972,0.007558842911909053,0.06427785942471372,0.23136404237555908,0.10942211882438888,0.04631998365771345,0.128466732765657,0.5324519208628867,1.0,0.5638214827548357,0.203740090640537
C,Básico,basico,"C, E, G","C, E, G, G#",4,131.33333333333331,1396.7782704612857,C,166.0,1176.9558094480824,E,263.3333333333333,737.0485427662093,C,333.3333333333333,562.5783459019142,E,329.3333333333333,495.7326548051567,E,150.94527368257002,52.38228903466379,99.62881794821519,331.6579164102599,339.8603732984738,636.1405123197115,302.9665332362827,0.020053335336538462,0.11367677,0.8673384841631393,0.43398142889356844,0.11584642884664423,0.23840230549600566,0.5003018243591157,0.2447290814137197,0.12022048544206272,0.20690994421976056,0.1008902457768566,0.0726496464350246,0.1299783988232817,0.4903976343628928
C,Básico,basico,"C, E, G","C, G, E, A",4,131.33333333333331,1563.6073509206171,C,166.0,909.0275547292675,E,264.3333333333333,649.4258527852733,C,333.3333333333333,463.27738464804577,E,329.0,258.78390682170317,E,147.7316660556049,39.23359099855824,111.56193475953933,264.12184177653904,287.97405463555737,444.24654447115387,252.4499932829741,0.017056039663461538,0.11226963,0.9190693803025226,0.4535313092416896,0.10865875906563871,0.1920702125595011,0.38853502601823303,0.20672806312095324,0.07924719012614034,0.12520225020453904,0.05821366202300641,0.04418256647063301,0.12190556339457782,0.5227742685294562
C,Básico,basico,"C, E, G","C, E, G",3,131.66666666666666,1339.021278793992,C,264.0,894.1052277056174,C,166.0,742.3003435034454,E,333.3333333333333,402.42993493618593,E,395.66666666666663,172.56958896610777,G,148.39221423432218,47.07875972905163,130.93763427007673,331.9531065422232,291.0859987394595,426.52306189903845,257.10348128867815,0.017390324519230768,0.100487225,0.9227365390951738,0.4454954537298398,0.09748326253149314,0.1780893190062857,0.3427632385700142,0.15769792287165935,0.07253703735302246,0.11694575366930157,0.03600133718860332,0.02577500099031332,0.10706964037089889,0.5339265654374293
C,Básico,basico,"C, E, G","C, E, G, B",4,131.33333333333331,1487.547325813173,C,166.33333333333331,1057.7794912679033,E,264.0,810.5654297067196,C,329.3333333333333,604.7730184077941,E,333.66666666666663,458.4367923343979,E,155.38044151220126,55.11755771415593,129.63066979157037,331.62716206835165,307.55978222596343,504.7051532451923,273.39960565414543,0.019054236778846153,0.12049374,0.8827683873494154,0.42854731705783694,0.09449424780497148,0.2099215654678427,0.45900411105857725,0.19999156644714994,0.05288694052840799,0.08266383702210645,0.038462706827571795,0.028000274408015145,0.09208399309017622,0.46710452149797166
C,Básico,basico,"C, E, G","C, G, E, G#",4,131.33333333333331,1676.3304527891744,C,166.0,1080.1517326188496,E,263.0,913.5241525316044,C,333.0,555.8532643703588,E,329.3333333333333,420.6523886944102,E,139.64619857426766,36.12607673757086,97.4568519948854,331.57186451464776,297.7551548433755,487.9755108173077,268.8553108174161,0.01731896033653846,0.11531516,0.9222155397787727,0.4872999941940506,0.12530421941626413,0.15446971060716347,0.3642264562572917,0.20317423379496394,0.1003357304033009,0.17263392633878852,0.10233054683899824,0.07594660456242959,0.1286145374810598,0.47774549578362396
C,Básico,basico,"C, E, G","C, E, G, G#",4,131.33333333333331,1166.7332229598383,C,166.0,724.5687631836901,E,333.3333333333333,516.7726179755678,E,263.3333333333333,508.19186663204823,C,329.0,267.08374727062125,E,154.64054123269918,57.831319746794705,97.73718529044507,332.67525070065335,319.3000753146367,555.4738206129807,293.2627367758202,0.01845703125,0.09175955,0.9113638321928508,0.4488542466910113,0.11051782037180755,0.22053954260693168,0.49535162097387897,0.22714424244475717,0.08244496725742652,0.13201564817023306,0.06832546124769802,0.05860988406944248,0.13195585130732057,0.5343209796756857
C,Básico,basico,"C, E, G","C, E, G, B",4,131.33333333333331,1162.8530086242924,C,166.0,811.0704899883768,E,263.3333333333333,543.6293496614463,C,333.3333333333333,371.31148624958945,E,329.3333333333333,368.16793448084087,E,157.23269991139065,54.047486566769905,130.77084735632886,331.6997740467812,305.1869738427218,504.6223332331731,281.0213040284755,0.018231670673076922,0.0972781,0.8909494563388192,0.4359015490060128,0.10537691573894187,0.24428332381447534,0.471033300154883,0.21548962778426206,0.06884788000386219,0.10319157389174002,0.033556502673423826,0.02632691203335933,0.10938236641674999,0.5193649123029063
C,Básico,basico,"C, E, G","C, E, G",3,131.33333333333331,1423.808211511936,C,166.0,782.3140111300638,E,264.0,688.549985946235,C,333.3333333333333,446.24318371892684,E,329.3333333333333,418.1854565248358,E,156.0963588821931,55.50424132992505,130.7561281363559,331.76775481705454,329.74970752233423,575.9303635817307,301.62802928958007,0.01826923076923077,0.10403529,0.9354711075327309,0.46463324754305,0.11339300900260378,0.17319624613395926,0.37520774521557315,0.1611764669309822,0.07012156126865325,0.12416150081927854,0.03369176304804473,0.0261424571136289,0.10853631763536535,0.5194016657558711
C,Básico,basico,"C, E, G","C, E, G, B",4,131.33333333333331,1421.8059680152674,C,166.0,1100.1238174692853,E,263.3333333333333,793.3137160440513,C,333.3333333333333,463.05472458586297,E,329.3333333333333,402.09183916055605,E,142.75660329004043,37.3946465526098,105.43318769477565,331.76316361799945,317.6862687482814,567.3170823317307,281.43949436877875,0.018498347355769232,0.10495448,0.9186421321742455,0.4722389370039854,0.1285964766503459,0.21107677738259695,0.4311695632168274,0.22960241727358785,0.11110976893518282,0.18736216887637963,0.08023132393228098,0.06288504411705918,0.13976969672208378,0.5311284041670778
C,Básico,basico,"C, E, G","C, E, G, G#",4,131.33333333333331,1687.5545474190083,C,166.0,1338.7632884825923,E,263.3333333333333,846.3068120825642,C,333.3333333333333,513.6321699399608,E,329.3333333333333,404.17317617248864,E,142.16671900496462,22.69053180013045,111.31370788539198,210.36284947782394,327.01217261313724,577.6695838341346,305.39246411163464,0.018956580528846155,0.11604239,0.8948744192754139,0.4695341421255168,0.126349792339207,0.2221783062531742,0.4638409586957332,0.25312515433923843,0.09591180791534713,0.1761326189874078,0.09114924888816546,0.062327920251293606,0.13313973428188433,0.5107264090182417
C,Básico,basico,"C, E, G","C, G, E, G#",4,131.33333333333331,1320.293221864989,C,166.0,929.9166216473027,E,263.3333333333333,612.8706040427767,C,333.3333333333333,476.64809132116784,E,329.3333333333333,337.68184707165483,E,149.64914540245698,46.3814781233286,105.23977929376406,331.92571292535877,304.10316607035804,498.07955228365387,277.0647882278487,0.017255108173076922,0.10591791,0.9241456084892994,0.47002234007044175,0.11483056772618686,0.20208325157721355,0.4250113926212453,0.21009183616194518,0.07979724559895328,0.13384081684652094,0.05903705177681973,0.0490576511283377,0.12465033281000314,0.5260340665777915
C,Básico,basico,"C, E, G","C, E, G, B",4,131.12854043721651,1207.6374663062186,C,166.25225662575664,928.578665725916,E,263.929638788173,714.201294173893,C,329.1593974240333,615.5415795226102,E,333.5080479997573,517.5551835861467,E,163.03726792424908,59.54010813080118,117.0658722455685,331.60553463298425,345.18232775003816,679.9651389898256,302.92672019480455,0.020310985949612403,0.108908415,0.8819841371381832,0.44062000133534435,0.10998643228278472,0.1962140453823907,0.4633366799436445,0.20907237282207847,0.08924723939767794,0.15833511008018328,0.07205165881667469,0.04596961462224939,0.1211985189557091,0.4798916245596047
C,Básico,basico,"C, E, G","C, E, G, A",4,131.66666666666666,1503.213526324119,C,166.0,1145.2740990743582,E,263.66666666666663,748.4340838262531,C,333.3333333333333,588.3513749475078,E,329.3333333333333,369.01320771629753,E,139.11274515470532,32.42712028968445,99.59146824468475,331.8882758258986,314.9352601677054,550.8358999399038,292.8707028254053,0.0185546875,0.098631054,0.8417454011454559,0.4957425544673037,0.14906574991006172,0.1940743242390502,0.4781157952668669,0.28940811942153216,0.11278493254085896,0.19084148967192796,0.12821510196821329,0.10060517976949646,0.17056462332527114,0.4626392490990076
C,Básico,basico,"C, E, G","C, E, G, B",4,131.33333333333331,1108.9893960849297,C,166.0,869.1821848549586,E,263.0,510.5565324592205,C,333.3333333333333,312.96445433430705,E,329.3333333333333,293.3311200992653,E,153.78378568448466,50.595272059744374,97.12516978503925,331.7120035174076,292.86392880374996,464.70308743990387,261.67634047765404,0.01826923076923077,0.08926504,0.8879081676506495,0.4398803965653066,0.1069439993878265,0.21848282189198728,0.44015391540160764,0.2305052428741757,0.078494908318879,0.12683286268713537,0.05114694610976505,0.03514735005497129,0.10851813604894721,0.4744437451124825
C,Básico,basico,"C, E, G","C, E, G, B",4,131.33333333333331,1221.7509274457716,C,166.0,892.7234402054659,E,263.3333333333333,528.4063823111827,C,333.0,354.1441300080978,E,329.0,295.0305741740717,E,142.40160044031276,34.00761216635021,114.35853864713877,331.5330123282101,323.53592099463106,575.7647235576923,298.58978186846923,0.018798828125,0.09184724,0.9199956830127266,0.4767451131179367,0.13066740027571364,0.21661690795540486,0.4490395621288366,0.23033667697991533,0.08599974866295615,0.13679094812056333,0.05028844739380167,0.04192550663516105,0.11869859362426609,0.5041027660243858
C,Básico,basico,"C, E, G","C, E, G, A",4,131.33333333333331,1551.3944794247254,C,166.0,940.014222795965,E,333.66666666666663,625.4311601566252,E,264.0,559.8303783970347,C,329.3333333333333,494.86892147565675,E,153.40850289900632,55.71840514783962,105.25521758871577,332.10748995641296,321.3873541498485,568.8078425480769,289.6719236679066,0.019283353365384615,0.11160171,0.8737184319574384,0.45557077776855753,0.11989247233740823,0.2161743591283126,0.5284811760382713,0.2560743743798111,0.08398759563574083,0.13771066834837545,0.07174829808388106,0.05731369064902333,0.12854540808161663,0.4902871776632308
C,Básico,basico,"C, E, G","C, E, G, G#",4,131.33333333333331,1706.7065426519096,C,166.0,1097.009749942715,E,263.3333333333333,858.3654456422278,C,333.3333333333333,578.1802365788417,E,329.3333333333333,552.3654539257725,E,145.7726157383645,47.46300880173257,97.77963226159702,331.8557900458974,332.35125042092244,599.6168870192307,305.88867975821665,0.019324669471153848,0.11540394,0.8494703364028097,0.43222346014518037,0.10932316575520212,0.19244713484445464,0.4408793236306214,0.2230697742529945,0.1052974401230796,0.1787028955524549,0.10763189902849257,0.0818475504244206,0.13712525864858754,0.4744127378919353
C,Básico,basico,"C, E, G","C, E, G, B",4,131.33333333333331,1477.3235250008652,C,166.0,900.0632824868254,E,333.3333333333333,638.1052202204191,E,264.0,579.937385706898,C,329.3333333333333,412.22614454886036,E,158.78664738238172,60.86369096722322,96.60175167404797,332.1256011086398,319.5149715524236,564.6668419471154,283.40348351893147,0.018404447115384616,0.10231693,0.912107771074073,0.4502778911257594,0.112712719414375,0.19541831685039981,0.4455084390455981,0.19574183728362682,0.07899874365668051,0.12655848634180458,0.06644132425822734,0.065315983141408,0.1464498082682146,0.5424126382827698
C,Básico,basico,"C, E, G","C, E, G, G#",4,131.33333333333331,1161.461864379908,C,166.0,831.0902190545074,E,264.3333333333333,518.6873472439431,C,333.0,412.49248708342293,E,329.3333333333333,354.08665374386914,E,148.8328229439333,49.81257319778073,104.72618792911484,332.12782961126703,330.45112141151407,611.2116887019231,309.35220866409264,0.020023287259615385,0.086159416,0.8762391838101249,0.42936478272612777,0.10251229143342684,0.2071494175280391,0.44218930269951606,0.2092292326444804,0.0916272038842585,0.1505334967353751,0.08572351873733217,0.07056385466856051,0.13291786855710078,0.5035294763582917
C,Básico,basico,"C, E, G","C, G, E, A#",4,131.33333333333331,1424.1998146157216,C,166.0,1010.0736164590143,E,263.3333333333333,658.1616123220683,C,333.3333333333333,603.6096330674237,E,329.0,311.89714723236386,E,152.4310741952065,47.680344691294636,96.241498545444,332.1977970931866,314.79884818117114,539.6551983173077,281.596470389484,0.017964993990384617,0.109521195,0.9353007421831864,0.47102425936772957,0.11759937371515444,0.20760148844639198,0.47398354516903896,0.24429642812024996,0.07986774078549953,0.13394273342602406,0.05594938543806516,0.0460125996040858,0.12341595560969341,0.5003306296396061
D,Básico,basico,"D, F#, A","D, A, F#, C#",4,147.78981877788908,1291.1502811905764,D,221.6847281668336,825.9853204274243,A,296.7844458610327,745.7210306337515,D,443.3694563336672,508.8085760614267,A,593.5688917220654,397.70549664402563,D,163.10032185558018,29.581556675974927,147.89361455530295,224.21468288334017,401.574399700394,718.5709635416666,312.2158928375405,0.028428819444444444,0.12967703,0.08985598510153595,0.4345299965557253,0.8707369058341329,0.3085140463341962,0.04504112153537253,0.021533920675037278,0.053199689442491864,0.028985895278619212,0.2287613858728591,0.5906220128424085,0.13174276691402795,0.009548169864785927
D,Básico,basico,"D, F#, A","D, A, G, F#",4,147.49279403471394,1321.6116262375413,D,221.75731562127953,1027.6385007070307,A,297.05808634626226,780.7632056453683,D,443.16921486308667,555.8317950677302,A,593.7707563130522,382.57221194713753,D,170.70621032150146,34.82710644432435,106.42510352727977,224.76279273531412,384.22858871450217,706.116796875,305.5036679738063,0.0278828125,0.10733555,0.10330774801344468,0.4012590741259579,0.8030249985542538,0.28596024967274264,0.060434950363484084,0.04656038514102564,0.0789241616426672,0.08472729465335997,0.3069142164111508,0.6785923897133728,0.1700409720562019,0.03278809886061735
D,Básico,basico,"D, F#, A","D, A, F#, G",4,221.8117901568415,1003.6707375586477,A,296.77122769064357,949.2071297428357,D,147.53380205516493,464.1700829653603,D,1112.466197944835,321.8780021664484,C#,442.60140616549484,297.113712605547,A,263.3195512838914,46.11199902528362,108.92248972902611,297.58291911253167,411.1273075104319,732.12890625,297.16520683891,0.03148837352362205,0.088753276,0.05486538243730069,0.369301841053428,0.8383334423752148,0.23134109372239695,0.035479924542502046,0.04262957457367077,0.08971643173223091,0.06274822245736751,0.29813758534767304,0.6451154391498662,0.18618457948062045,0.027041648502819805
D,Básico,basico,"D, F#, A","D, A, G#, C#",4,147.66666666666666,1590.303732976738,D,221.66666666666666,1039.66438373658,A,296.66666666666663,997.1688570499791,D,442.0,469.2897982412412,A,443.66666666666663,429.49316595633536,A,178.44163741760474,55.05862374318776,101.1441631860288,296.62916419514073,394.47861485935243,713.0803034855769,324.80080527490315,0.026434795673076925,0.12387801,0.10445673484833308,0.46420299699898293,0.8892413729327131,0.3055584087289045,0.058743382290847086,0.03625971170172959,0.08448665720262594,0.07182519987263342,0.2543344454066895,0.5553976898617294,0.13313359766263572,0.028271827041567582
D,Básico,basico,"D, F#, A","D, A, C#, F#",4,147.66666666666666,1150.0304155588956,D,221.66666666666666,1054.489217342629,A,296.66666666666663,928.8529396239923,D,442.3333333333333,357.7841080281945,A,1113.0,275.1732642629505,C#,199.51319211849085,60.15959926531084,102.69193624332799,296.7691461397044,382.0637710870144,664.3821364182693,301.2040506235306,0.029018930288461538,0.10339565,0.09607425627087197,0.4396306855977102,0.8685503304756905,0.2902262991221132,0.055988662340705,0.031705752491623974,0.0770951203226643,0.07164949198953302,0.28675908516391097,0.5963007085356381,0.15527725601781014,0.029254087175390072
D,Básico,basico,"D, F#, A","D, A, C#, F#",4,147.44731207032572,1227.6872081634442,D,221.58514594838275,1138.3793962970983,A,295.72297982643977,601.1830491222241,D,442.34193621097717,514.2510012457074,A,593.5168488673504,378.41708123811077,D,172.7711436228133,35.52332188436218,107.83093976545516,223.67745094887735,408.33594312275204,767.016836313101,335.4680561105946,0.028278057391826924,0.13651511,0.09700683266815575,0.43647076775446053,0.8030825210000043,0.28150159324463897,0.04070178117533503,0.019259734135324107,0.047514105893070445,0.03608116850245747,0.3161481502396638,0.7316844167300148,0.16777722408706247,0.011916191237319095
D,Básico,basico,"D, F#, A","D, A, C#, F#",4,147.66666666666666,1400.7598179262125,D,221.66666666666666,1208.324823491696,A,297.0,1176.7009122145148,D,443.3333333333333,520.7239804132466,A,1113.0,347.4433663860756,C#,215.8168588421357,61.16204200285251,145.96950074171633,296.8075264929768,376.14057867418154,648.9776141826923,296.5065936509739,0.02785456730769231,0.13213046,0.07495002552530558,0.4201945917776582,0.8637743552085945,0.278601361991642,0.042076264630950634,0.020328576824186914,0.05410963174103473,0.04017508059441188,0.26319187836258584,0.5852496375927052,0.14070015793254478,0.013488580766818347
D,Básico,basico,"D, F#, A","D, A, C#, F#",4,147.61046511627907,1542.730906175244,D,221.5988372093023,1284.9454147383915,A,297.05232558139534,836.2492821038109,D,443.1976744186046,535.2914877278887,A,593.7383720930233,500.48739726823777,D,174.60033083657277,35.5936579714476,147.83783468628707,229.98440757020776,389.05146995081253,693.1684073755297,288.02100349730824,0.02934239274364407,0.1402867,0.08866656903011891,0.4204797966727261,0.8519617612533439,0.28984695785987963,0.03972102011803927,0.023026792414552598,0.059032813798813505,0.028695914383703957,0.2869747943068448,0.6963434383714368,0.17100823075886779,0.018453949205158596
D,Básico,basico,"D, F#, A","D, A, C#",3,147.66666666666666,1764.3547642521287,D,297.0,1113.0095981354295,D,221.66666666666666,1037.8198018805074,A,443.3333333333333,630.6883004048761,A,593.6666666666666,273.490840704691,D,175.08911042933207,43.204785157398824,148.05964863126442,296.7234206016921,365.39068706718683,629.0179912860577,281.2919017929462,0.026746544471153846,0.13852169,0.08164012217135558,0.4282626416533454,0.8936734229005592,0.306741965682259,0.04781828796740018,0.015780376790201157,0.02754610943207253,0.02069774144358583,0.2318913273138914,0.5774398902428929,0.12455873928705634,0.008761474685927507
D,Básico,basico,"D, F#, A","D, A, C#, F#",4,297.08141589823447,609.4552173096996,D,221.46069185141116,530.6099712848605,A,147.76906790782314,432.88908467656347,D,443.3072037234694,261.00700674454987,A,593.777011775822,163.1703071767236,D,246.77717719778724,56.835333379496305,148.0974234906392,297.3583156004366,451.1669830845917,846.5240478515625,336.14222620567983,0.036525181361607144,0.07520972,0.08001825966377722,0.45589228488830214,0.8742305945033634,0.2538030436764785,0.06331125917748319,0.03266448236119281,0.07353031599008149,0.030872638229081924,0.27614840307907507,0.6718282703821055,0.14646102245685808,0.009481328651021205
D,Básico,basico,"D, F#, A","D, A, C#, F",4,147.63411668693058,1250.6213000535415,D,221.8184240768808,917.4082139013383,A,297.1044786062857,783.0107867246029,D,442.9023500607918,554.0631591956765,A,593.8417081660865,471.67569571010654,D,173.4594109096958,43.2465347880755,146.53462605931844,296.72707782006535,422.41564442940347,781.9472490730932,320.6999638139586,0.030724476959745763,0.11261799,0.09577247109508262,0.460312333632444,0.9042436529489033,0.29651841468883355,0.04628926713211003,0.031986010007354335,0.0640823434396028,0.041142187788739355,0.2468020069282224,0.6225357685677584,0.13420413990699367,0.012626059251290428
D,Básico,basico,"D, F#, A","D, A, F#, C#",4,147.4615972163286,1158.827694334724,D,221.56666383773234,1124.5440505513925,A,296.79453449885426,1059.9093588484657,D,443.5075956887041,366.58209552888377,A,593.2148009844692,263.6269787959697,D,212.326286081244,64.58368053641675,121.67796380363936,296.65224591303246,366.3050208267207,622.0496868265086,275.3978351101728,0.02635455953663793,0.118040934,0.08360336595829487,0.42152138713971954,0.8905746123771927,0.2947673998479021,0.052393572169002686,0.026501609015669957,0.059928453883430544,0.03901441476317687,0.2603859289701044,0.5524738823945665,0.13903040679469605,0.022280019183942408
D,Básico,basico,"D, F#, A","D, A, C#, F#",4,147.66666666666666,1191.1677491146884,D,221.66666666666666,836.316703310936,A,297.0,833.601859408833,D,443.3333333333333,477.5197577965768,A,593.6666666666666,238.50903022913764,D,195.48716135093792,55.23811129276126,146.99915589645983,296.81337577303464,368.2864463360192,621.5641902043269,291.35666605967907,0.02761042668269231,0.10585932,0.078608125746167,0.4339876612627174,0.8839219448083114,0.2907951687920491,0.037101119041405575,0.016194330621310295,0.04234296163240959,0.02934882267427963,0.2596311448722213,0.6172189218058441,0.14410535524818754,0.00964254393631362
D,Básico,basico,"D, F#, A","D, A, C#, F#",4,147.59337795718156,1308.9025629759442,D,221.57784477032345,1273.2898710575748,A,296.6889785907721,821.4445702712475,D,443.1556895406469,474.568032422249,A,593.7535128506464,467.00077355693304,D,177.39586805581246,46.635159122199894,105.4837907265186,296.68343468841226,397.4743424819162,706.2890625,309.2231119503089,0.02779806385869565,0.12169951,0.09115310123029334,0.407623552891104,0.8464422375713951,0.28445008196419724,0.04586694830308821,0.023032669243413014,0.04846188828476133,0.0486646440514839,0.28382606776267505,0.6333736733008246,0.15536896538141332,0.024697257717114063
D,Básico,basico,"D, F#, A","D, A, C#, F#",4,147.66666666666666,1475.3805768958507,D,221.66666666666666,1015.1136691999475,A,297.0,937.2850639374963,D,443.3333333333333,537.925130331663,A,593.6666666666666,280.07273501673416,D,177.11581830147534,47.6405008112414,119.38786785598583,296.75415089463655,386.3719692589046,696.4334810697115,308.952683755048,0.029747596153846152,0.12069219,0.10821017923611224,0.48425592980103843,0.912723540515284,0.315005409653562,0.05768429246027345,0.029444141866255637,0.06752144568937758,0.055527647546788766,0.2739800598303192,0.6224174739541177,0.15238470598448203,0.025007465598697248
D,Básico,basico,"D, F#, A","D, A, C#, F#",4,147.50649821676842,1004.4055602382141,D,221.70404400652845,860.4099543123762,A,296.7901831590401,659.7911022049556,D,593.5803663180802,370.11335801595146,D,442.0751979689295,356.96460541119785,A,187.08835226684744,48.93056646544239,147.81145975133006,296.5930719899495,441.5972585201694,840.0169136597938,353.4727349377482,0.03261920103092784,0.11811682,0.08697008502599865,0.4282195244127026,0.8459048551799825,0.2717928589169007,0.03823336767814176,0.026724942588071898,0.06578075405764003,0.02637535604257359,0.28154466703838943,0.6751458519315169,0.1586199736701068,0.011388625472103371
D,Básico,basico,"D, F#, A","A, D, C#",3,110.15970515970515,1669.646162116993,A,147.7223587223587,786.245183977192,D,221.4029484029484,684.4764537833408,A,296.5282555282555,526.5833493997172,D,593.056511056511,303.24413260210554,D,119.95555508716795,32.120865214868395,107.64261848388645,221.84414224066958,328.9725350066223,621.412353515625,311.4190415672201,0.02025146484375,0.12479528,0.07508205768928988,0.2954523985600909,0.6255933019368012,0.2509539366471957,0.07142820971974037,0.030499491316506568,0.0808131297997345,0.17977493231198796,0.6513707910403984,0.9752228525267074,0.5230608393837747,0.1773766572216951
D,Básico,basico,"D, F#, A","D, A, F#, C#",4,147.7547006267502,1236.2854799862866,D,221.63205094012534,1136.1626859239632,A,296.97959727963723,925.9442107071308,D,593.5916455527403,543.9687203541199,D,442.16145486064806,354.22332179820853,A,188.6776884113536,57.73921122157374,111.49177767364945,296.7067727420787,384.7737052033892,692.7121954449152,290.11056671876844,0.027794789459745763,0.121001266,0.09893335918434462,0.4352546607607604,0.8797789262472707,0.28363006107376887,0.04182859123334357,0.043331837893173665,0.09981746396183393,0.05001988302715017,0.2588764900719762,0.565760842387158,0.15470368624940206,0.0343861810064388
D,Básico,basico,"D, F#, A","D, A, G, C#",4,147.76487265815035,1227.9059133499627,D,296.5953573787393,752.1193167231443,D,221.64730898722556,731.1801016389911,A,443.2946179744511,365.3920022078816,A,593.5459187782915,202.82661573320343,D,173.93871618458923,46.126811014692464,147.730980445452,296.52739960145965,366.97711570716564,653.4974145107582,295.03965406988226,0.026383196721311477,0.108422294,0.0926071024111528,0.47860499930679057,0.9466141600652085,0.32411410302672894,0.057166429296439905,0.02235719016867321,0.052130079164316424,0.0380122327464924,0.21869496168216224,0.4937039025802378,0.11494781248830219,0.011269574174283056
D,Básico,basico,"D, F#, A","D, A, F#, C#",4,147.36532778076304,1394.4944533760079,D,221.788520956475,1243.3958133914357,A,296.9522434175175,889.5676906628446,D,442.8365126276195,687.1239694416369,A,593.5342221923697,555.7131223114834,D,176.23921046906332,41.950644231523306,135.49162491227167,296.4041444531447,400.96471338939307,715.9329927884615,304.6217230546178,0.030406984508547008,0.14747128,0.09109839218166352,0.44513458596837113,0.8902092170306899,0.30000619706426296,0.047661804761642654,0.032689744245211684,0.0773011624280667,0.04542838709824394,0.2884076573945896,0.7098739789464603,0.16916664072540794,0.01672887441999926
F,Medio,medio,"F, A, C","C, A, F, G",4,131.66666666666666,1611.6360901522175,C,264.0,875.8893184882054,C,221.0,502.8995169863948,A,175.66666666666666,502.39025172364694,F,441.3333333333333,225.48681362182037,A,139.577929399287,23.7860188213643,110.30683395982724,262.0348635264293,323.24832424568547,590.8379657451923,275.86741780980896,0.018498347355769232,0.11021189,0.9723454872706626,0.4416786330793774,0.08265538294589235,0.03549719642618498,0.12301638920663768,0.16560879686667587,0.10642838144043461,0.07750898985821154,0.1536915695609003,0.3080056905739751,0.17486279879811084,0.5701305591338903
F,Medio,medio,"F, A, C","C, F, A, F#",4,131.66666666666666,1280.5396967758736,C,264.3333333333333,552.8249891632051,C,221.33333333333331,502.81863737876296,A,175.66666666666666,423.62762198874907,F,529.3333333333333,271.3518675617371,C,137.2952964979491,18.100031185504246,118.39874221485509,261.1386442496134,347.51749218132846,613.7791090745193,306.3550850521435,0.018971604567307693,0.09763509,0.9601632141614259,0.6253381776158168,0.16835370662470656,0.029634100253687824,0.0955829007620974,0.2751061179674341,0.1738805758650735,0.10693022329187647,0.12800497762010368,0.3462448478341898,0.2441300283003386,0.41041123168677274
F,Medio,medio,"F, A, C","C, F, A, G",4,131.66666666666666,1992.3798133722034,C,263.66666666666663,666.6168384665157,C,221.0,495.7062664754667,A,175.66666666666666,487.1885523166139,F,353.3333333333333,252.40190286049688,F,136.24244381206205,15.26872920583296,130.8493000598863,219.64422116019574,318.870027475105,567.9796424278846,296.04506276522847,0.01690955528846154,0.13288753,0.9935191674182601,0.5199490397342434,0.1006673525893302,0.018128751915012224,0.10461234862776043,0.205149252751869,0.10092186654474034,0.06049921313857605,0.10563906991137047,0.2215127418354991,0.18178963028655137,0.6241090541309006
F,Medio,medio,"F, A, C","C, F, A, G",4,131.66666666666666,1588.2145439973838,C,264.3333333333333,978.96084911228,C,221.0,720.2689239339728,A,175.66666666666666,627.0373690196523,F,441.3333333333333,290.9195370037209,A,156.35198679856128,46.966289970045494,110.8526462089981,264.795440328243,313.9520627921195,558.8694411057693,266.0593100737083,0.017191256009615383,0.111056305,0.9400074967709364,0.4596607894929597,0.09691360607823375,0.043123733914817455,0.13623106659198492,0.19065520354400006,0.13833677680652381,0.10359292717037091,0.1697213057897588,0.32285500409763407,0.18672081623413908,0.5665928706831971
F,Medio,medio,"F, A, C","C, F, A, G",4,132.0,1413.6934630825726,C,264.3333333333333,669.9865345775966,C,175.66666666666666,564.172467132115,F,221.66666666666666,549.4358364814901,A,529.6666666666666,233.26645936812517,C,140.35197611246693,21.298934644761474,129.86296458656577,263.5068249151478,340.06973729794777,626.0364708533654,302.9186917000329,0.01856219951923077,0.108764455,0.9568481720896678,0.6205243221433352,0.15889032708152295,0.02484358442014497,0.10166835205212045,0.2941191279768226,0.20077987483328474,0.1246125381532564,0.11922169863541265,0.2807260901160656,0.21572007581493788,0.4001653083320401
F,Medio,medio,"F, A, C","C, F, A, E",4,131.66666666666666,1296.772846105632,C,264.0,762.7262954655205,C,221.33333333333331,633.2781929681254,A,175.33333333333331,622.5222483023056,F,442.0,318.81771371452834,A,145.59438303938296,35.17780016787363,93.73110239219082,264.0589511707411,328.24510274239594,596.3040865384615,273.4956847030381,0.01918194110576923,0.103424564,0.9503487849667597,0.6076547581398344,0.16666042524033448,0.05379778575189494,0.12216261560978174,0.22170527516097496,0.1615853899612673,0.10107921762378466,0.11004021790174057,0.328676617898369,0.2336666901109757,0.3811382899977937
F,Medio,medio,"F, A, C","C, F, A, G",4,132.0,859.8773014634191,C,221.66666666666666,357.6513274794259,A,265.0,274.7002024421776,C,176.0,227.59662844760328,F,530.3333333333333,177.4237820996195,C,139.54359249690265,22.669760834142433,130.95186702073784,262.88792097506445,362.713008532374,650.7168344350962,315.96237079046034,0.02146183894230769,0.072657906,0.9585699097714653,0.5077905293532642,0.09677257598016321,0.02618885270060354,0.15218128245424437,0.30030988569514266,0.1358910546779985,0.0972357245354142,0.18170114435239731,0.3781145344147587,0.19846068811929443,0.5522934078497739
F,Medio,medio,"F, A, C","C, A, F, G",4,131.66666666666666,1165.2982876088458,C,221.66666666666666,614.5055248939634,A,176.0,556.9170143553503,F,263.66666666666663,340.2115236342522,C,530.0,288.3292064087635,C,146.12136789022955,33.400528806706184,98.15295240256852,263.39802260518627,337.83913149258495,609.5552884615385,281.481595155994,0.01990685096153846,0.08984279,0.8760017407714936,0.44905664647687,0.10084908237466009,0.034493348340848405,0.1700078761397468,0.35370807060955595,0.2009853504856093,0.1397298125057603,0.2363528371206588,0.47898829376118945,0.23886816951967163,0.516788472982757
F,Medio,medio,"F, A, C","C, A, F, G",4,131.33333333333331,1203.425980625187,C,264.66666666666663,704.0263953308828,C,221.33333333333331,643.3040543075924,A,175.66666666666666,639.0323812841847,F,529.0,385.02246677134195,C,149.2080319109712,40.31752803539059,89.02292651229794,264.67597533838415,348.5193323026319,613.1165489783654,295.64204939621067,0.021799879807692307,0.09786161,0.9273455224748598,0.40982907846861566,0.08613190133095046,0.058116925565037995,0.158936536431524,0.21665479495613324,0.1338979363767373,0.11069141050623837,0.1808919526019604,0.3709771756249523,0.18599137838185473,0.45884909271203544
F,Medio,medio,"F, A, C","C, A, F, G#",4,131.66666666666666,1183.9322434668952,C,264.0,796.0921163298096,C,220.66666666666666,487.31731415738574,A,175.66666666666666,334.10191101955866,F,529.3333333333333,238.49292240577705,C,143.5612856207637,31.561023856106182,104.19077655477511,224.88447908125815,347.84838620844357,630.1774714543269,301.790173665317,0.020691856971153846,0.099846944,0.9061525113642944,0.43666698680044846,0.07553518233577883,0.01537445403244749,0.08327283207417349,0.16072430902544452,0.0910438532005354,0.07862105504540119,0.18203858124839645,0.3581869368954665,0.17099850696204355,0.4807785464280613
F,Medio,medio,"F, A, C","C, F, G#, A",4,131.66666666666666,1053.376833113285,C,264.3333333333333,775.2575909585828,C,176.0,480.59591485100236,F,221.33333333333331,433.1517046133511,A,353.66666666666663,217.7220317892815,F,165.58270619866127,56.71944536769124,102.59003151413674,265.1131674298384,335.1595385747176,587.4423452524038,280.35087011668355,0.02081580528846154,0.08740133,0.9397485206302244,0.3916781265665925,0.0741659855905978,0.04227895707884029,0.13348350976860227,0.23373174024506627,0.14923183028321824,0.12299661563933859,0.18367403668419785,0.3164184563938697,0.17522932454072318,0.531114190602964
F,Medio,medio,"F, A, C","C, F, A, G",4,131.66666666666666,1763.2094984909145,C,264.0,644.9858325353935,C,221.0,508.574729318895,A,175.66666666666666,461.85081005173,F,441.3333333333333,283.75436812448027,A,137.4291294248188,21.558393075818984,106.5548770108589,255.1345405394227,315.6733150928721,557.9584209735577,274.9558524714869,0.01611328125,0.11825802,0.9595674417239444,0.5503742451303627,0.12602438249295866,0.021882397176129994,0.09663956535300297,0.16662387358874067,0.10806631742285275,0.07378283401176267,0.1507383021816833,0.35958360931220945,0.20568723816421106,0.5416632486635133
F,Medio,medio,"F, A, C","C, F, A, G",4,131.66666666666666,1192.9952333833166,C,263.66666666666663,505.9347927143572,C,221.66666666666666,398.7711355331381,A,176.0,318.7911829558606,F,530.0,182.30759389871196,C,148.25479445341392,40.838084609268876,130.32580373677862,265.099760697827,330.763673455378,594.3992262620193,286.42193241552417,0.018633563701923078,0.08888597,0.9939575790135612,0.4824225868464178,0.0891974622340414,0.015667910669168363,0.08741100331267532,0.16663184547757715,0.09806166265689374,0.09446301982033017,0.12123193747035939,0.24682512490534952,0.1714705403487934,0.584104924130243
F,Medio,medio,"F, A, C","C, A, F, G",4,131.36199326682907,1279.7722445694433,C,220.9891865895093,763.3182497273071,A,263.40816358192285,641.4431369575799,C,175.8335014040368,509.2782439933486,F,529.2109468327723,281.24842102292155,C,145.90622662367085,34.47857582906358,102.29236919755377,223.20446211324307,335.1883554474378,597.6318359375,281.99050320288933,0.019027467757936508,0.10087881,0.833696070173411,0.4154231068902519,0.0883245973685242,0.027282171713268775,0.10752616391791849,0.23293703090212406,0.14957783415029519,0.13041004267554332,0.2503111310675306,0.46489781070267283,0.2577999625706918,0.4692036617895178
F,Medio,medio,"F, A, C","C, F, A, G",4,131.33333333333331,1673.6598945142111,C,263.3333333333333,693.7747890524048,C,175.33333333333331,622.254185351413,F,221.0,513.5752924355344,A,528.6666666666666,354.5641693789699,C,140.80568089604685,26.10651047589926,115.90582370934672,263.1014510674748,317.6528936482047,569.55322265625,275.0781793071363,0.017728365384615384,0.11630745,0.9746099885356511,0.486991085223031,0.1045708270221614,0.027198571835398384,0.10713221160091208,0.18188683109350642,0.12038107487438462,0.08211781336502387,0.12486808017464499,0.2840226031134237,0.18490923746397026,0.5131515965451091
F,Medio,medio,"F, A, C","C, A, F, G",4,131.33333333333331,1633.1681319422082,C,264.0,727.7824149089183,C,221.66666666666666,638.9097515254286,A,175.66666666666666,527.4518904855324,F,442.3333333333333,339.32684116355256,A,142.78677310844543,30.95758709320439,106.31022876007759,261.52001233295726,338.786335446006,605.5799278846154,290.475212270307,0.01991436298076923,0.1088914,0.9242222528887654,0.4107067919085756,0.07861416203674733,0.03825530678765201,0.1366110214020652,0.1737479146921345,0.10817229621292239,0.08581968182108113,0.1831893597316049,0.4019838085483329,0.2073293381026205,0.5843349403690828
F,Medio,medio,"F, A, C","C, F, A, G",4,131.66666666666666,1430.6522287292662,C,264.0,845.9884719536001,C,221.0,470.2892935385612,A,175.66666666666666,438.6276241503735,F,441.3333333333333,319.7589256155741,A,152.64991371332115,45.6979992986344,130.92592518504514,264.53091140414284,341.1196576405394,611.3773287259615,276.45465845548705,0.018742487980769232,0.10572893,0.9855531310896263,0.461830144623205,0.08557427132687542,0.023983026734236572,0.09075667779757075,0.13134280786438093,0.08660791125229442,0.07526454857987679,0.11371974797651935,0.25471355092384484,0.14820507834738644,0.5186719089914362
F,Medio,medio,"F, A, C","C, F, A, G",4,131.66666666666666,1479.7175749220955,C,263.66666666666663,629.6009476254684,C,221.0,616.6026934660875,A,175.66666666666666,615.555224680245,F,441.0,314.6271446606709,A,138.82659476171426,17.513323104940625,104.90307200975349,179.86436575791078,320.0143793910897,569.3047626201923,279.2327453944351,0.017833533653846153,0.11023058,0.9581809566865563,0.6046024559178791,0.15881410413567731,0.028178977656227473,0.10612683814636173,0.23738325765874904,0.15628166018153852,0.07276672773861231,0.1377725728303375,0.42596312919823276,0.25773357036774575,0.41860679308541826
F,Medio,medio,"F, A, C","C, F, A, G",4,131.66666666666666,940.7039058600643,C,221.66666666666666,358.942393716498,A,264.0,295.64996405595986,C,176.0,272.780543303606,F,353.3333333333333,167.91033607646384,F,137.67864923181227,17.758115409575957,130.15422802866897,222.22014448177228,344.593262505738,616.92626953125,298.5046147034706,0.020643028846153846,0.077157676,0.9487778983936095,0.4827489806424729,0.0903623933491281,0.019190151210523358,0.12748768349615816,0.22902947647250757,0.1256334504876371,0.11927230004635514,0.19100751024704454,0.39155337210346053,0.20910207273026818,0.6160920101528208
F,Medio,medio,"F, A, C","C, F, A, G",4,131.33333333333331,1691.160239157297,C,264.0,806.8839365679818,C,175.33333333333331,575.2240896204538,F,221.0,522.8861507184301,A,440.66666666666663,314.07242524483405,A,151.78922072346847,45.05769571274245,105.852587533596,263.86239328416195,322.62580846538685,558.4553410456731,286.92592040763236,0.018209134615384617,0.118024394,0.973440467554017,0.6044156020890006,0.14789369476150646,0.02365558104281024,0.07679654299091028,0.1610586633700633,0.10710029040121678,0.06582992421442849,0.09722716013417826,0.3051484142074517,0.2083846244050088,0.3840074559972128
